Lauren,Walker,lauren41@adventure-works.com,717-555-0164,Bremerton,Washington
Caroline,Russell,caroline21@adventure-works.com,424-555-0137,Lebanon,Oregon
Jasmine,Coleman,jasmine46@adventure-works.com,857-555-0115,Beaverton,Oregon
Angela,James,angela34@adventure-works.com,847-555-0111,Renton,Washington
Ashley,Martinez,ashley18@adventure-works.com,131-555-0194,Olympia,Washington
Destiny,Rivera,destiny33@adventure-works.com,743-555-0111,Beaverton,Oregon
Dennis,Zhang,dennis1@adventure-works.com,710-555-0134,Bremerton,Washington
Christian,Thomas,christian46@adventure-works.com,692-555-0172,Burien,Washington
Luke,Long,luke28@adventure-works.com,786-555-0117,Port Orchard,Washington
Julia,Garcia,julia38@adventure-works.com,923-555-0183,Portland,Oregon
Terrance,Raman,terrance9@adventure-works.com,879-555-0124,Burien,Washington
Elizabeth,Wilson,elizabeth11@adventure-works.com,469-555-0110,Lynnwood,Washington
Lauren,Miller,lauren24@adventure-works.com,827-555-0183,Redmond,Washington
Lauren,Miller,lauren24@adventure-works.com,827-555-0183,Sammamish,Washington
Devin,Nelson,devin32@adventure-works.com,256-555-0111,Lebanon,Oregon
Seth,Williams,seth2@adventure-works.com,878-555-0119,Walla Walla,Washington
Isabella,Simmons,isabella25@adventure-works.com,424-555-0125,Tacoma,Washington
Ian,Diaz,ian62@adventure-works.com,136-555-0185,Edmonds,Washington
Kyle,Zhang,kyle19@adventure-works.com,793-555-0118,Kirkland,Washington
Seth,Brooks,seth74@adventure-works.com,771-555-0118,Tacoma,Washington
Jennifer,Baker,jennifer19@adventure-works.com,506-555-0157,Beaverton,Oregon
Jose,Lal,jose23@adventure-works.com,152-555-0130,Everett,Washington
Katherine,Martinez,katherine88@adventure-works.com,584-555-0118,Milwaukie,Oregon
Garrett,Travers,garrett9@adventure-works.com,879-555-0116,Everett,Washington
Cassidy,Diaz,cassidy23@adventure-works.com,323-555-0140,Portland,Oregon
Isabella,Young,isabella56@adventure-works.com,747-555-0149,Edmonds,Washington
Elizabeth,Thompson,elizabeth19@adventure-works.com,465-555-0154,Tacoma,Washington
Patrick,Stewart,patrick27@adventure-works.com,115-555-0181,Seattle,Washington
Blake,Patterson,blake58@adventure-works.com,473-555-0194,Puyallup,Washington
Courtney,Wright,courtney16@adventure-works.com,366-555-0162,Milwaukie,Oregon
Katherine,Williams,katherine73@adventure-works.com,351-555-0197,Edmonds,Washington
Jose,Wright,jose56@adventure-works.com,571-555-0110,Woodburn,Oregon
Logan,Diaz,logan22@adventure-works.com,965-555-0113,Lake Oswego,Oregon
Alex,Carter,alex39@adventure-works.com,716-555-0163,Yakima,Washington
Eddie,Munoz,eddie7@adventure-works.com,806-555-0179,Beaverton,Oregon
Sydney,Hall,sydney86@adventure-works.com,514-555-0134,Yakima,Washington
Amanda,Gray,amanda15@adventure-works.com,361-555-0183,Portland,Oregon
Franklin,Yang,franklin5@adventure-works.com,390-555-0195,Bellingham,Washington
Isaiah,Perez,isaiah26@adventure-works.com,164-555-0121,Oregon City,Oregon
Alex,Evans,alex27@adventure-works.com,948-555-0138,Bremerton,Washington
Spencer,Hayes,spencer25@adventure-works.com,204-555-0153,Milwaukie,Oregon
Misty,Rai,misty19@adventure-works.com,619-555-0134,Beaverton,Oregon
Devin,Wilson,devin5@adventure-works.com,216-555-0140,Spokane,Washington
Alexandra,Richardson,alexandra13@adventure-works.com,159-555-0117,Woodburn,Oregon
Samantha,Taylor,samantha10@adventure-works.com,741-555-0192,Bellingham,Washington
Joseph,Anderson,joseph16@adventure-works.com,606-555-0186,Lynnwood,Washington
Philip,Ramos,philip16@adventure-works.com,145-555-0145,Burien,Washington
Julia,Bryant,julia84@adventure-works.com,345-555-0135,Kirkland,Washington
Megan,Wilson,megan10@adventure-works.com,773-555-0164,Seattle,Washington
Mary,Adams,mary29@adventure-works.com,388-555-0172,Milwaukie,Oregon
Blake,Simmons,blake63@adventure-works.com,639-555-0126,W. Linn,Oregon
Jennifer,Campbell,jennifer9@adventure-works.com,537-555-0144,Spokane,Washington
Rebecca,Parker,rebecca10@adventure-works.com,936-555-0190,Lake Oswego,Oregon
Jared,Morris,jared20@adventure-works.com,849-555-0125,Beaverton,Oregon
Dalton,Parker,dalton42@adventure-works.com,535-555-0190,Bremerton,Washington
Olivia,Garcia,olivia15@adventure-works.com,819-555-0179,Burien,Washington
Michelle,James,michelle9@adventure-works.com,471-555-0167,Olympia,Washington
Caleb,Griffin,caleb17@adventure-works.com,843-555-0112,Milwaukie,Oregon
Megan,Gray,megan43@adventure-works.com,300-555-0144,Woodburn,Oregon
Jeremy,Bennett,jeremy22@adventure-works.com,453-555-0126,Olympia,Washington
Bailey,Bell,bailey11@adventure-works.com,176-555-0176,Olympia,Washington
Amanda,Brooks,amanda19@adventure-works.com,287-555-0113,Kirkland,Washington
Dylan,Wang,dylan24@adventure-works.com,181-555-0113,Woodburn,Oregon
Alyssa,Davis,alyssa4@adventure-works.com,178-555-0113,Lake Oswego,Oregon
Isabella,Martinez,isabella73@adventure-works.com,901-555-0148,Edmonds,Washington
Sarah,Johnson,sarah3@adventure-works.com,784-555-0131,Everett,Washington
Paula,Carlson,paula20@adventure-works.com,737-555-0172,Burien,Washington
Isabella,Reed,isabella85@adventure-works.com,754-555-0118,Renton,Washington
Eric,Campbell,eric49@adventure-works.com,293-555-0189,Seattle,Washington
Stefanie,Prasad,stefanie6@adventure-works.com,402-555-0146,Bellingham,Washington
Natalie,Wright,natalie63@adventure-works.com,996-555-0114,Beaverton,Oregon
Danielle,Cook,danielle24@adventure-works.com,140-555-0112,Issaquah,Washington
Chloe,Griffin,chloe86@adventure-works.com,160-555-0168,Redmond,Washington
Jasmine,White,jasmine11@adventure-works.com,458-555-0131,Lebanon,Oregon
Victoria,Jones,victoria4@adventure-works.com,328-555-0157,Oregon City,Oregon
Sydney,Hernandez,sydney59@adventure-works.com,662-555-0155,Kirkland,Washington
Tamara,Zeng,tamara11@adventure-works.com,818-555-0163,Beaverton,Oregon
Christopher,Walker,christopher23@adventure-works.com,102-555-0150,Bellingham,Washington
Victoria,Davis,victoria6@adventure-works.com,355-555-0177,Walla Walla,Washington
Nancy,Martinez,nancy21@adventure-works.com,162-555-0168,Beaverton,Oregon
Alexander,Walker,alexander10@adventure-works.com,640-555-0117,Sedro Woolley,Washington
Walter,Suarez,walter12@adventure-works.com,187-555-0115,Bellingham,Washington
Raymond,Sai,raymond7@adventure-works.com,340-555-0120,Bremerton,Washington
Paige,Peterson,paige28@adventure-works.com,248-555-0136,Ballard,Washington
Preston,Rodriguez,preston17@adventure-works.com,845-555-0111,Beaverton,Oregon
Dalton,Carter,dalton35@adventure-works.com,358-555-0140,Beaverton,Oregon
Isabella,Brooks,isabella8@adventure-works.com,421-555-0139,Bremerton,Washington
Carol,Washington,carol19@adventure-works.com,116-555-0141,Burien,Washington
Isaac,Campbell,isaac29@adventure-works.com,496-555-0172,Olympia,Washington
Misty,Xie,misty4@adventure-works.com,146-555-0168,Bremerton,Washington
Robert,Hayes,robert34@adventure-works.com,117-555-0135,Lake Oswego,Oregon
Jacqueline,Reed,jacqueline45@adventure-works.com,406-555-0129,Burien,Washington
Angel,Ramirez,angel6@adventure-works.com,488-555-0166,Portland,Oregon
Michelle,Richardson,michelle10@adventure-works.com,590-555-0195,Kirkland,Washington
Carlos,Perez,carlos30@adventure-works.com,547-555-0191,Tacoma,Washington
Christina,Morris,christina17@adventure-works.com,193-555-0194,Lake Oswego,Oregon
Alexandra,Lopez,alexandra62@adventure-works.com,142-555-0119,Woodburn,Oregon
Johnathan,Srini,johnathan10@adventure-works.com,767-555-0193,Ballard,Washington
Michael,Anderson,michael42@adventure-works.com,306-555-0141,Oregon City,Oregon
Samantha,Gonzales,samantha39@adventure-works.com,701-555-0179,Corvallis,Oregon
